{"1": 0.9799628175996695, "2": 0.9723886249397508, "3": 0.9687392412036081, "4": 0.96364387523239, "5": 0.9590993596364388, "6": 0.9536597121806789, "7": 0.9469117950836604, "8": 0.9433312676444261, "9": 0.9385801831577498, "10": 0.9355505060937823, "11": 0.9301797149349308, "12": 0.9267369000895131, "13": 0.9217792467121119, "14": 0.9194381326172278, "15": 0.9121393651449425, "16": 0.9086276940026166, "17": 0.9027749087654066, "18": 0.8991943813261722, "19": 0.8956827101838463, "20": 0.8926530331198788}